[
  {
    "value": "Apple",
    "synonyms": [
      "Apple",
      "Green Apple",
      "Red Apple"
    ]
  },
  {
    "value": "Banana",
    "synonyms": [
      "Banana"
    ]
  },
  {
    "value": "peaches",
    "synonyms": [
      "peaches"
    ]
  },
  {
    "value": "pears",
    "synonyms": [
      "pears"
    ]
  },
  {
    "value": "apricot",
    "synonyms": [
      "apricot"
    ]
  },
  {
    "value": "blackberry",
    "synonyms": [
      "blackberry",
      "black berry"
    ]
  },
  {
    "value": "strawberry",
    "synonyms": [
      "strawberry"
    ]
  }
]